activity_id,project_id,activity_date,activity_status,completed_units,source_updated_at
ACT-0001,PRJ-001,2026-09-25,completed,3,2026-09-25T23:00:00Z
ACT-0002,PRJ-002,2026-09-25,completed,2,2026-09-25T23:00:00Z
ACT-0003,PRJ-003,2026-09-25,completed,2,2026-09-25T23:00:00Z
ACT-0004,PRJ-004,2026-09-25,completed,2,2026-09-25T23:00:00Z
ACT-0005,PRJ-005,2026-09-25,completed,2,2026-09-25T23:00:00Z
ACT-0006,PRJ-006,2026-09-25,completed,2,2026-09-25T23:00:00Z
ACT-0007,PRJ-007,2026-09-25,completed,2,2026-09-25T23:00:00Z
ACT-0008,PRJ-008,2026-09-25,completed,2,2026-09-25T23:00:00Z
ACT-0009,PRJ-009,2026-09-25,completed,2,2026-09-25T23:00:00Z
ACT-0010,PRJ-010,2026-09-25,completed,2,2026-09-25T23:00:00Z
ACT-0011,PRJ-011,2026-09-25,completed,2,2026-09-25T23:00:00Z
ACT-0012,PRJ-012,2026-09-25,completed,2,2026-09-25T23:00:00Z
ACT-0013,PRJ-013,2026-09-25,completed,2,2026-09-25T23:00:00Z
ACT-0014,PRJ-014,2026-09-25,completed,2,2026-09-25T23:00:00Z
ACT-0015,PRJ-015,2026-09-25,completed,2,2026-09-25T23:00:00Z
ACT-0016,PRJ-016,2026-09-25,completed,2,2026-09-25T23:00:00Z
ACT-0017,PRJ-017,2026-09-25,completed,2,2026-09-25T23:00:00Z
ACT-0018,PRJ-018,2026-09-25,completed,2,2026-09-25T23:00:00Z
ACT-0019,PRJ-019,2026-09-25,completed,2,2026-09-25T23:00:00Z
ACT-0020,PRJ-020,2026-09-25,completed,2,2026-09-25T23:00:00Z
ACT-0021,PRJ-021,2026-09-25,completed,2,2026-09-25T23:00:00Z
ACT-0022,PRJ-022,2026-09-25,completed,2,2026-09-25T23:00:00Z
ACT-0023,PRJ-023,2026-09-25,completed,2,2026-09-25T23:00:00Z
ACT-0024,PRJ-024,2026-09-25,completed,2,2026-09-25T23:00:00Z
ACT-0025,PRJ-025,2026-09-25,completed,2,2026-09-25T23:00:00Z
ACT-0026,PRJ-001,2026-09-25,completed,2,2026-09-25T23:00:00Z
ACT-0027,PRJ-002,2026-09-25,completed,2,2026-09-25T23:00:00Z
ACT-0028,PRJ-003,2026-09-25,completed,2,2026-09-25T23:00:00Z
ACT-0029,PRJ-004,2026-09-25,completed,2,2026-09-25T23:00:00Z
ACT-0030,PRJ-005,2026-09-25,completed,2,2026-09-25T23:00:00Z
ACT-0031,PRJ-006,2026-09-25,completed,2,2026-09-25T23:00:00Z
ACT-0032,PRJ-007,2026-09-25,completed,2,2026-09-25T23:00:00Z
ACT-0033,PRJ-008,2026-09-25,completed,2,2026-09-25T23:00:00Z
ACT-0034,PRJ-009,2026-09-25,completed,2,2026-09-25T23:00:00Z
ACT-0035,PRJ-010,2026-09-25,completed,2,2026-09-25T23:00:00Z
ACT-0036,PRJ-011,2026-09-25,completed,2,2026-09-25T23:00:00Z
ACT-0037,PRJ-012,2026-09-25,completed,2,2026-09-25T23:00:00Z
ACT-0038,PRJ-013,2026-09-25,completed,2,2026-09-25T23:00:00Z
ACT-0039,PRJ-014,2026-09-25,completed,2,2026-09-25T23:00:00Z
ACT-0040,PRJ-015,2026-09-25,completed,2,2026-09-25T23:00:00Z
ACT-0041,PRJ-016,2026-09-25,completed,2,2026-09-25T23:00:00Z
ACT-0042,PRJ-017,2026-09-25,completed,2,2026-09-25T23:00:00Z
ACT-0043,PRJ-018,2026-09-25,completed,2,2026-09-25T23:00:00Z
ACT-0044,PRJ-019,2026-09-25,completed,2,2026-09-25T23:00:00Z
ACT-0045,PRJ-020,2026-09-25,completed,2,2026-09-25T23:00:00Z
ACT-0046,PRJ-021,2026-09-25,completed,2,2026-09-25T23:00:00Z
ACT-0047,PRJ-022,2026-09-25,completed,2,2026-09-25T23:00:00Z
ACT-0048,PRJ-023,2026-09-25,completed,2,2026-09-25T23:00:00Z
ACT-0049,PRJ-024,2026-09-25,completed,2,2026-09-25T23:00:00Z
ACT-0050,PRJ-025,2026-09-25,completed,2,2026-09-25T23:00:00Z
ACT-0051,PRJ-001,2026-09-25,completed,2,2026-09-25T23:00:00Z
ACT-0052,PRJ-002,2026-09-25,completed,2,2026-09-25T23:00:00Z
ACT-0053,PRJ-003,2026-09-25,completed,2,2026-09-25T23:00:00Z
ACT-0054,PRJ-004,2026-09-25,completed,2,2026-09-25T23:00:00Z
ACT-0055,PRJ-005,2026-09-25,completed,2,2026-09-25T23:00:00Z
ACT-0056,PRJ-006,2026-09-25,completed,2,2026-09-25T23:00:00Z
ACT-0057,PRJ-007,2026-09-25,completed,2,2026-09-25T23:00:00Z
ACT-0058,PRJ-008,2026-09-25,completed,2,2026-09-25T23:00:00Z
ACT-0059,PRJ-009,2026-09-25,completed,2,2026-09-25T23:00:00Z
ACT-0060,PRJ-010,2026-09-25,completed,2,2026-09-25T23:00:00Z
ACT-0061,PRJ-011,2026-09-25,completed,2,2026-09-25T23:00:00Z
ACT-0062,PRJ-012,2026-09-25,completed,2,2026-09-25T23:00:00Z
ACT-0063,PRJ-013,2026-09-25,completed,2,2026-09-25T23:00:00Z
ACT-0064,PRJ-014,2026-09-25,completed,2,2026-09-25T23:00:00Z
ACT-0065,PRJ-015,2026-09-25,completed,2,2026-09-25T23:00:00Z
ACT-0066,PRJ-016,2026-09-25,completed,2,2026-09-25T23:00:00Z
ACT-0067,PRJ-017,2026-09-25,completed,2,2026-09-25T23:00:00Z
ACT-0068,PRJ-018,2026-09-25,completed,2,2026-09-25T23:00:00Z
ACT-0069,PRJ-019,2026-09-25,completed,2,2026-09-25T23:00:00Z
ACT-0070,PRJ-020,2026-09-25,completed,2,2026-09-25T23:00:00Z
ACT-0071,PRJ-021,2026-09-25,completed,2,2026-09-25T23:00:00Z
ACT-0072,PRJ-022,2026-09-25,completed,2,2026-09-25T23:00:00Z
ACT-0073,PRJ-023,2026-09-25,completed,2,2026-09-25T23:00:00Z
ACT-0074,PRJ-024,2026-09-25,completed,2,2026-09-25T23:00:00Z
ACT-0075,PRJ-025,2026-09-25,completed,2,2026-09-25T23:00:00Z
ACT-0076,PRJ-001,2026-09-25,completed,2,2026-09-25T23:00:00Z
ACT-0077,PRJ-002,2026-09-25,completed,2,2026-09-25T23:00:00Z
ACT-0078,PRJ-003,2026-09-25,completed,2,2026-09-25T23:00:00Z
ACT-0079,PRJ-004,2026-09-25,completed,2,2026-09-25T23:00:00Z
ACT-0080,PRJ-005,2026-09-25,completed,2,2026-09-25T23:00:00Z
ACT-0081,PRJ-006,2026-09-25,completed,2,2026-09-25T23:00:00Z
ACT-0082,PRJ-007,2026-09-25,completed,2,2026-09-25T23:00:00Z
ACT-0083,PRJ-008,2026-09-25,completed,2,2026-09-25T23:00:00Z
ACT-0084,PRJ-009,2026-09-25,completed,2,2026-09-25T23:00:00Z
ACT-0085,PRJ-010,2026-09-25,completed,2,2026-09-25T23:00:00Z
ACT-0086,PRJ-011,2026-09-25,completed,2,2026-09-25T23:00:00Z
ACT-0087,PRJ-012,2026-09-25,completed,2,2026-09-25T23:00:00Z
ACT-0088,PRJ-013,2026-09-25,completed,2,2026-09-25T23:00:00Z
ACT-0089,PRJ-014,2026-09-25,completed,2,2026-09-25T23:00:00Z
ACT-0090,PRJ-015,2026-09-25,completed,2,2026-09-25T23:00:00Z
ACT-0091,PRJ-016,2026-09-25,completed,2,2026-09-25T23:00:00Z
ACT-0092,PRJ-017,2026-09-25,completed,2,2026-09-25T23:00:00Z
ACT-0093,PRJ-018,2026-09-25,completed,2,2026-09-25T23:00:00Z
ACT-0094,PRJ-019,2026-09-25,completed,2,2026-09-25T23:00:00Z
ACT-0095,PRJ-020,2026-09-25,completed,2,2026-09-26T10:00:00Z
ACT-0096,PRJ-021,2026-09-25,completed,2,2026-09-26T10:00:00Z
ACT-0097,PRJ-022,2026-09-25,completed,2,2026-09-26T10:00:00Z
ACT-0098,PRJ-023,2026-09-25,completed,2,2026-09-26T10:00:00Z
